{
  "generation_date": "2025-07-09T21:25:16.051073",
  "random_seed": 42,
  "total_records": 3000,
  "total_companies": 1000,
  "companies_per_industry": 200,
  "industries": [
    "Manufacturing",
    "Finance",
    "IT",
    "Retail",
    "Energy"
  ],
  "years": [
    2022,
    2023,
    2024
  ],
  "dimensions": {
    "Market": [
      "M1_MarketShare",
      "M2_CustomerSatisfaction",
      "M3_BrandValue",
      "M4_CompetitiveAdvantage",
      "M5_MarketGrowthRate",
      "M6_PriceCompetitiveness",
      "M7_CustomerLoyalty",
      "M8_MarketPenetration"
    ],
    "Technology": [
      "T1_InnovationLevel",
      "T2_RnDEfficiency",
      "T3_DigitalTransformation",
      "T4_IPPortfolio",
      "T5_TechnicalCompetitiveness",
      "T6_SystemIntegration",
      "T7_TechnicalRiskManagement",
      "T8_TechnicalSustainability"
    ],
    "Finance": [
      "F1_Profitability",
      "F2_Liquidity",
      "F3_Stability",
      "F4_GrowthPotential",
      "F5_Efficiency",
      "F6_Leverage",
      "F7_ROI",
      "F8_CashFlow"
    ]
  },
  "industry_means": {
    "Manufacturing": {
      "Market": [
        65,
        60,
        55,
        70,
        45,
        60,
        65,
        55
      ],
      "Technology": [
        55,
        60,
        50,
        65,
        60,
        75,
        70,
        60
      ],
      "Finance": [
        65,
        60,
        75,
        50,
        70,
        55,
        60,
        65
      ]
    },
    "Finance": {
      "Market": [
        60,
        65,
        70,
        60,
        50,
        55,
        80,
        65
      ],
      "Technology": [
        50,
        55,
        80,
        60,
        55,
        70,
        75,
        65
      ],
      "Finance": [
        70,
        85,
        80,
        55,
        65,
        70,
        75,
        80
      ]
    },
    "IT": {
      "Market": [
        55,
        70,
        65,
        75,
        85,
        70,
        60,
        60
      ],
      "Technology": [
        90,
        85,
        95,
        80,
        85,
        80,
        70,
        75
      ],
      "Finance": [
        60,
        55,
        50,
        90,
        75,
        45,
        80,
        70
      ]
    },
    "Retail": {
      "Market": [
        70,
        75,
        60,
        65,
        60,
        80,
        70,
        85
      ],
      "Technology": [
        45,
        50,
        60,
        40,
        45,
        55,
        60,
        50
      ],
      "Finance": [
        55,
        65,
        60,
        65,
        85,
        60,
        65,
        70
      ]
    },
    "Energy": {
      "Market": [
        60,
        55,
        65,
        80,
        40,
        50,
        65,
        55
      ],
      "Technology": [
        60,
        65,
        55,
        70,
        65,
        70,
        75,
        90
      ],
      "Finance": [
        70,
        70,
        90,
        45,
        60,
        75,
        65,
        75
      ]
    }
  },
  "industry_stds": {
    "Manufacturing": 12,
    "Finance": 12,
    "IT": 12,
    "Retail": 12,
    "Energy": 12
  },
  "correlation_parameters": {
    "intra_perspective_correlation": 0.5,
    "inter_perspective_correlation": 0.25,
    "temporal_correlation": 0.8
  }
}