{
  "generation_date": "2025-07-09T23:09:02.252363",
  "random_seed": 42,
  "total_records": 3000,
  "total_companies": 1000,
  "industries": [
    "Manufacturing",
    "Finance",
    "IT",
    "Retail",
    "Energy"
  ],
  "years": [
    2022,
    2023,
    2024
  ],
  "dimensions": {
    "Market": [
      "M1_MarketShare",
      "M2_CustomerSatisfaction",
      "M3_BrandValue",
      "M4_CompetitiveAdvantage",
      "M5_MarketGrowthRate",
      "M6_PriceCompetitiveness",
      "M7_CustomerLoyalty",
      "M8_MarketPenetration"
    ],
    "Technology": [
      "T1_InnovationLevel",
      "T2_RnDEfficiency",
      "T3_DigitalTransformation",
      "T4_IPPortfolio",
      "T5_TechnicalCompetitiveness",
      "T6_SystemIntegration",
      "T7_TechnicalRiskManagement",
      "T8_TechnicalSustainability"
    ],
    "Business": [
      "B1_BusinessCognition",
      "B2_BusinessValue",
      "B3_BusinessTime",
      "B4_BusinessOrganization",
      "B5_BusinessResources",
      "B6_BusinessEnvironment",
      "B7_BusinessEmotion",
      "B8_BusinessSociety"
    ]
  },
  "industry_means": {
    "Manufacturing": {
      "Market": [
        65,
        60,
        55,
        70,
        45,
        60,
        65,
        55
      ],
      "Technology": [
        55,
        60,
        50,
        65,
        60,
        75,
        70,
        60
      ],
      "Business": [
        70,
        65,
        60,
        80,
        85,
        75,
        65,
        70
      ]
    },
    "Finance": {
      "Market": [
        60,
        65,
        70,
        60,
        50,
        55,
        80,
        65
      ],
      "Technology": [
        50,
        55,
        80,
        60,
        55,
        70,
        75,
        65
      ],
      "Business": [
        85,
        70,
        65,
        75,
        70,
        90,
        80,
        75
      ]
    },
    "IT": {
      "Market": [
        55,
        70,
        65,
        75,
        85,
        70,
        60,
        60
      ],
      "Technology": [
        90,
        85,
        95,
        80,
        85,
        80,
        70,
        75
      ],
      "Business": [
        75,
        80,
        90,
        70,
        85,
        65,
        70,
        85
      ]
    },
    "Retail": {
      "Market": [
        70,
        75,
        60,
        65,
        60,
        80,
        70,
        85
      ],
      "Technology": [
        45,
        50,
        60,
        40,
        45,
        55,
        60,
        50
      ],
      "Business": [
        65,
        90,
        70,
        65,
        70,
        60,
        85,
        80
      ]
    },
    "Energy": {
      "Market": [
        60,
        55,
        65,
        80,
        40,
        50,
        65,
        55
      ],
      "Technology": [
        60,
        65,
        55,
        70,
        65,
        70,
        75,
        90
      ],
      "Business": [
        80,
        70,
        65,
        85,
        75,
        70,
        65,
        90
      ]
    }
  },
  "correlations": {
    "intra_perspective": 0.5,
    "inter_perspective": 0.25,
    "temporal": 0.8,
    "business_specific": {
      "B1_B6": 0.7,
      "B2_B7": 0.5,
      "B4_B5": 0.8,
      "B8_others": 0.4
    }
  },
  "modification": "Business Perspective (B1-B8) replacing Finance Perspective (F1-F8)"
}