{
  "tests": [
    {
      "test_name": "Quantifier Initialization",
      "status": "Passed",
      "details": "初期化成功: confidence_level=0.99",
      "execution_time": 1.8835067749023438e-05
    },
    {
      "test_name": "Quantifier Fit",
      "status": "Passed",
      "details": "パラメータ推定完了: 5業界",
      "execution_time": 0.016628503799438477
    },
    {
      "test_name": "Quantifier Quantify",
      "status": "Passed",
      "details": "定量化成功: DCOスコア=215390.77",
      "execution_time": 1.009972333908081
    },
    {
      "test_name": "Updater Initialization",
      "status": "Passed",
      "details": "初期化成功: 5業界のパラメータ",
      "execution_time": 9.298324584960938e-06
    },
    {
      "test_name": "Updater Update",
      "status": "Passed",
      "details": "更新成功: IT業界B1平均 76.86 -> 76.94",
      "execution_time": 0.006035566329956055
    },
    {
      "test_name": "Industry Adaptation",
      "status": "Passed",
      "details": "業界間パラメータ差分平均: 17.95",
      "execution_time": 0.00015306472778320312
    },
    {
      "test_name": "Error Handling",
      "status": "Passed",
      "details": "未訓練モデルでValueErrorを正常に捕捉",
      "execution_time": 0.00012946128845214844
    },
    {
      "test_name": "Performance",
      "status": "Passed",
      "details": "fit時間: 0.0147s, 平均quantify時間: 1.016509s",
      "execution_time": 101.66581416130066
    }
  ],
  "summary": {
    "total_tests": 8,
    "passed_tests": 8,
    "failed_tests": 0,
    "pass_rate_percent": 100.0,
    "total_execution_time_seconds": 102.6987612247467,
    "timestamp": "2025-07-10T00:08:05.532220"
  }
}