{
  "test_results": {
    "statistical_dco_quantifier": {
      "test_name": "StatisticalDCOQuantifier",
      "start_time": "2025-07-09T21:37:56.507230",
      "tests": [
        {
          "test": "インスタンス作成",
          "status": "PASS",
          "message": "インスタンス作成成功"
        },
        {
          "test": "パラメータ推定",
          "status": "PASS",
          "message": "パラメータ推定成功 (実行時間: 0.022秒)",
          "execution_time": 0.02246546745300293
        },
        {
          "test": "DCOスコア計算",
          "status": "PASS",
          "message": "DCOスコア計算成功 (実行時間: 0.000秒)",
          "execution_time": 0.0001933574676513672,
          "result_sample": {
            "dco_score": 0.19200618498993752,
            "adjusted_dco_score": 0.20424208040592778,
            "uncertainty": 0.42415227023472485
          }
        },
        {
          "test": "バッチ処理性能",
          "status": "PASS",
          "message": "バッチ処理成功 (100社, 平均0.45ms/社)",
          "execution_time": 0.044533729553222656,
          "avg_time_per_company": 0.0004453372955322266
        },
        {
          "test": "エラーハンドリング",
          "status": "FAIL",
          "message": "不正データに対してエラーが発生しませんでした"
        }
      ],
      "end_time": "2025-07-09T21:37:56.574992",
      "duration": 0.067762
    },
    "dynamic_dco_updater": {
      "test_name": "DynamicDCOUpdater",
      "start_time": "2025-07-09T21:37:56.575191",
      "tests": [
        {
          "test": "インスタンス作成",
          "status": "PASS",
          "message": "インスタンス作成成功"
        },
        {
          "test": "重み初期化",
          "status": "PASS",
          "message": "重み初期化成功 (合計: 1.000000)"
        },
        {
          "test": "重み更新",
          "status": "PASS",
          "message": "重み更新成功 (実行時間: 0.000秒)",
          "execution_time": 5.555152893066406e-05
        },
        {
          "test": "複数回更新",
          "status": "PASS",
          "message": "複数回更新成功 (更新回数: 6)",
          "metrics": {
            "total_updates": 6,
            "average_weight_change": 0.04005236612113543,
            "stability_index": 0.9614900485535067,
            "current_learning_rate": 0.07350918906249998,
            "weight_entropy": 3.0430021995809025
          }
        }
      ],
      "end_time": "2025-07-09T21:37:56.575572",
      "duration": 0.000381
    },
    "industry_adaptation_mechanism": {
      "test_name": "IndustryAdaptationMechanism",
      "start_time": "2025-07-09T21:37:56.575616",
      "tests": [
        {
          "test": "インスタンス作成",
          "status": "PASS",
          "message": "インスタンス作成成功"
        },
        {
          "test": "業界プロファイル作成",
          "status": "PASS",
          "message": "全業界プロファイル作成成功 (5業界)",
          "profiles_created": 5
        },
        {
          "test": "業界適応",
          "status": "PASS",
          "message": "業界適応成功 (実行時間: 0.000秒)",
          "execution_time": 1.9311904907226562e-05
        },
        {
          "test": "未知業界処理",
          "status": "PASS",
          "message": "未知業界に対して適切に元スコアを返しました"
        }
      ],
      "end_time": "2025-07-09T21:37:56.613718",
      "duration": 0.038102
    },
    "integration": {
      "test_name": "Integration",
      "start_time": "2025-07-09T21:37:56.613858",
      "tests": [
        {
          "test": "統合処理",
          "status": "PASS",
          "message": "統合処理成功 (10社, 実行時間: 0.005秒)",
          "execution_time": 0.0054318904876708984,
          "companies_processed": 10
        },
        {
          "test": "性能メトリクス",
          "status": "PASS",
          "message": "性能測定完了 (平均0.54ms/社, スループット1840.98社/秒)",
          "metrics": {
            "avg_time_per_company": 0.0005431890487670899,
            "throughput_companies_per_second": 1840.979677829961,
            "total_processing_time": 0.0054318904876708984
          }
        }
      ],
      "end_time": "2025-07-09T21:37:56.671178",
      "duration": 0.05732
    }
  },
  "performance_metrics": {
    "integration": {
      "avg_time_per_company": 0.0005431890487670899,
      "throughput_companies_per_second": 1840.979677829961,
      "total_processing_time": 0.0054318904876708984
    }
  },
  "summary": {
    "total_tests": 15,
    "total_passed": 14,
    "overall_pass_rate": 93.33333333333333,
    "evaluation": "優秀"
  }
}