{
  "multiplicative_necessity": {
    "complementary_property": "True",
    "zero_propagation": "True",
    "additive_comparison": "True",
    "overall_validity": "True"
  },
  "dimensional_integration": {
    "zero_propagation": "True",
    "interdependence": "True",
    "sensitivity_analysis": "True",
    "overall_validity": "True"
  },
  "mathematical_properties": {
    "monotonicity": "True",
    "synergy_effect": "True",
    "convergence": "True",
    "continuity": "True",
    "overall_validity": "True"
  },
  "logical_consistency": {
    "satisfiability": "True",
    "premise_consistency": "True",
    "inference_validity": "True",
    "conclusion_derivability": "True",
    "consistency_score": "1.0"
  },
  "implementation_feasibility": {
    "numerical_stability": "True",
    "computational_complexity": "O(1)",
    "practical_applicability": "True",
    "overall_feasibility": "True"
  },
  "experiment_metadata": {
    "experiment_date": "2025-07-11T20:50:14.816507",
    "total_tests": "21",
    "passed_tests": "21",
    "overall_score": "1.0",
    "conclusion": "DCO理論は数学的に一貫性があり、理論的に妥当である",
    "verification_status": "✓ 検証成功"
  }
}