{
  "experiment_timestamp": "2025-07-12 21:21:57",
  "record_counts": [
    10000,
    50000,
    100000
  ],
  "stage_results": [
    {
      "stage": 1,
      "record_count": 10000,
      "total_time": 0.004583120346069336,
      "time_per_record": 4.5831203460693357e-07,
      "mean_value": 0.2524723311880912,
      "std_value": 0.0,
      "total_memory_mb": 0.78515625,
      "num_batches": 1,
      "batch_size": 10000
    },
    {
      "stage": 2,
      "record_count": 50000,
      "total_time": 0.012341022491455078,
      "time_per_record": 2.4682044982910155e-07,
      "mean_value": 0.2526399565410443,
      "std_value": 0.0001709485947073472,
      "total_memory_mb": 0.25390625,
      "num_batches": 5,
      "batch_size": 10000
    },
    {
      "stage": 3,
      "record_count": 100000,
      "total_time": 0.02214956283569336,
      "time_per_record": 2.2149562835693358e-07,
      "mean_value": 0.25265105190987275,
      "std_value": 0.00028460023798655324,
      "total_memory_mb": 0.0,
      "num_batches": 10,
      "batch_size": 10000
    }
  ],
  "scalability_analysis": {
    "time_complexity_ratios": [
      0.5385423711179317,
      0.8973957729608594
    ],
    "avg_time_complexity_ratio": 0.7179690720393955,
    "value_stability": {
      "mean_variation": 0.0003236899472024302,
      "std_variation": 0.7703003148866887,
      "means": [
        0.2524723311880912,
        0.2526399565410443,
        0.25265105190987275
      ],
      "stds": [
        0.0,
        0.0001709485947073472,
        0.00028460023798655324
      ]
    },
    "memory_efficiency": {
      "memory_per_record_mb": [
        7.8515625e-05,
        5.078125e-06,
        0.0
      ],
      "memory_scaling_factor": 0.0
    },
    "performance_summary": {
      "largest_scale_time": 0.02214956283569336,
      "largest_scale_records": 100000,
      "time_per_million_records_estimate": 0.2214956283569336
    }
  }
}