{
  "complexity_reduction": {
    "theoretical_reduction_ratio": "n**21/(3*n**5 + 1)",
    "asymptotic_behavior": "oo",
    "numerical_examples": "{'n_10': 3333322222259259.0, 'n_100': 3.3333333332222224e+31, 'n_1000': 3.3333333333333324e+47}",
    "mathematical_proof": "True",
    "overall_validity": "True"
  },
  "convergence_properties": {
    "convergence_function": "exp(-gamma*n)",
    "monotonic_convergence": "True",
    "stability_confirmed": "True",
    "convergence_limit": "0",
    "practical_convergence": "True",
    "overall_validity": "True"
  },
  "solution_quality": {
    "quality_function": "1 - exp(-alpha*n)",
    "quality_bounds": "{'lower': '0', 'upper': '1'}",
    "monotonic_improvement": "True",
    "practical_quality_achievable": "True",
    "overall_validity": "True"
  },
  "parallel_efficiency": {
    "speedup_function": "4*p/(p + 3)",
    "efficiency_function": "4/(p + 3)",
    "max_speedup": "4",
    "practical_efficiency": "{'p_2': 0.8, 'p_4': 0.5714285714285714, 'p_8': 0.36363636363636365, 'p_16': 0.21052631578947367}",
    "scalability_confirmed": "True",
    "overall_validity": "True"
  },
  "numerical_stability": {
    "condition_number": "n/(alpha + 1)",
    "error_propagation": "epsilon*n/(alpha + 1)",
    "convergence_confirmed": "True",
    "practical_precision": "True",
    "stability_guaranteed": "True",
    "overall_validity": "True"
  },
  "implementation_complexity": {
    "space_complexity": "n**2 + 3*n",
    "time_complexity": "3*n**8 + n**3",
    "memory_efficiency": "True",
    "practical_implementability": "True",
    "code_maintainability": "True",
    "overall_validity": "True"
  },
  "experiment_metadata": {
    "experiment_date": "2025-07-11T20:57:10.430803",
    "total_tests": "19",
    "passed_tests": "19",
    "overall_score": "1.0",
    "conclusion": "OPSBC法は理論的に優秀な性能特性を持ち、実用的実装が可能である",
    "verification_status": "✓ 検証成功"
  }
}