{
  "monte_carlo": {
    "n_simulations": 1000,
    "execution_time_seconds": 0.0032432079315185547,
    "dco_score_statistics": {
      "mean": 318910.4945363646,
      "std": 61003.99221014682,
      "min": 153655.2282449922,
      "max": 562026.5032566405,
      "median": 315474.29023174715,
      "q25": 274387.7775366837,
      "q75": 358862.99352140835,
      "coefficient_of_variation": 0.19128875736383355
    },
    "confidence_intervals": {
      "95%": [
        211732.27689661202,
        445227.1086024754
      ],
      "99%": [
        181330.7628415212,
        485734.05106062564
      ]
    }
  },
  "cross_validation": {
    "cv_folds": 5,
    "execution_time_seconds": 61.85662293434143,
    "overall_scores": {
      "mean_r2": 0.18278883268610288,
      "std_r2": 1.0436760665984983,
      "min_r2": -1.8260569245443303,
      "max_r2": 0.8915827204270329
    },
    "fold_details": [
      {
        "fold": 1,
        "r2_score": 0.9900411089316995,
        "mse": 49317050.84033912,
        "mae": 4713.464364161115,
        "n_train": 2400,
        "n_val": 600
      },
      {
        "fold": 2,
        "r2_score": 0.9884525607491225,
        "mse": 55457646.80973873,
        "mae": 5119.050894569129,
        "n_train": 2400,
        "n_val": 600
      },
      {
        "fold": 3,
        "r2_score": 0.9915088478042621,
        "mse": 41656181.4452712,
        "mae": 4533.807364538976,
        "n_train": 2400,
        "n_val": 600
      },
      {
        "fold": 4,
        "r2_score": 0.9901128214535396,
        "mse": 43248332.32028255,
        "mae": 4518.496314995161,
        "n_train": 2400,
        "n_val": 600
      },
      {
        "fold": 5,
        "r2_score": 0.9908574091523549,
        "mse": 44526510.98043051,
        "mae": 4641.411293630099,
        "n_train": 2400,
        "n_val": 600
      }
    ],
    "feature_importance": {
      "n_features": 27,
      "feature_names": [
        "M1_MarketShare",
        "M2_CustomerSatisfaction",
        "M3_BrandValue",
        "M4_CompetitiveAdvantage",
        "M5_MarketGrowthRate",
        "M6_PriceCompetitiveness",
        "M7_CustomerLoyalty",
        "M8_MarketPenetration",
        "T1_InnovationLevel",
        "T2_RnDEfficiency",
        "T3_DigitalTransformation",
        "T4_IPPortfolio",
        "T5_TechnicalCompetitiveness",
        "T6_SystemIntegration",
        "T7_TechnicalRiskManagement",
        "T8_TechnicalSustainability",
        "B1_BusinessCognition",
        "B2_BusinessValue",
        "B3_BusinessTime",
        "B4_BusinessOrganization",
        "B5_BusinessResources",
        "B6_BusinessEnvironment",
        "B7_BusinessEmotion",
        "B8_BusinessSociety",
        "Market_Score",
        "Technology_Score",
        "Business_Score"
      ]
    }
  },
  "scalability": {
    "max_records_tested": 3000,
    "execution_time_seconds": 0.022752761840820312,
    "scalability_details": [
      {
        "n_records": 1000,
        "processing_time_seconds": 0.005710124969482422,
        "processing_time_per_record": 5.710124969482422e-06,
        "dco_score_mean": 285026.1988907983,
        "dco_score_std": 36177.30639771124,
        "correlation_matrix_size": 27
      },
      {
        "n_records": 2000,
        "processing_time_seconds": 0.007090330123901367,
        "processing_time_per_record": 3.5451650619506837e-06,
        "dco_score_mean": 329360.0858972464,
        "dco_score_std": 77168.2054888475,
        "correlation_matrix_size": 27
      },
      {
        "n_records": 3000,
        "processing_time_seconds": 0.009184837341308594,
        "processing_time_per_record": 3.0616124471028645e-06,
        "dco_score_mean": 316251.8103008232,
        "dco_score_std": 69178.31234467188,
        "correlation_matrix_size": 27
      }
    ],
    "scalability_metrics": {
      "linear_coefficient": 1.7373561859130861e-06,
      "linear_intercept": 0.0038537184397379556,
      "r2_linearity": 0.9861091184616537,
      "max_throughput_records_per_second": 326625.2725573668
    }
  },
  "industry_comparison": {
    "n_industries": 5,
    "execution_time_seconds": 0.006545066833496094,
    "industry_details": {
      "Manufacturing": {
        "n_companies": 600,
        "dco_score_statistics": {
          "mean": 268531.91715363803,
          "std": 28886.112552559487,
          "min": 191266.11847256203,
          "max": 362080.0379662241,
          "median": 269325.07988617325
        },
        "perspective_scores": {
          "Technology_Score": {
            "mean": 62.3300135244514,
            "std": 3.8613028574123196
          },
          "Market_Score": {
            "mean": 59.856689818956355,
            "std": 4.137095651542602
          },
          "Business_Score": {
            "mean": 71.97117155419181,
            "std": 3.8388745289508854
          }
        }
      },
      "Finance": {
        "n_companies": 600,
        "dco_score_statistics": {
          "mean": 307000.767551815,
          "std": 31261.20267662596,
          "min": 214237.47627817257,
          "max": 416859.7169753911,
          "median": 306740.6968054265
        },
        "perspective_scores": {
          "Technology_Score": {
            "mean": 63.378238091861505,
            "std": 4.155163466968044
          },
          "Market_Score": {
            "mean": 63.48885413045242,
            "std": 4.124596954701146
          },
          "Business_Score": {
            "mean": 76.32059197730338,
            "std": 3.813836910545722
          }
        }
      },
      "IT": {
        "n_companies": 600,
        "dco_score_statistics": {
          "mean": 432895.83859907725,
          "std": 38866.49885654037,
          "min": 334360.42989172804,
          "max": 549147.8315201765,
          "median": 433456.57563078485
        },
        "perspective_scores": {
          "Technology_Score": {
            "mean": 81.96631402149833,
            "std": 3.587024726410025
          },
          "Market_Score": {
            "mean": 67.85919592626553,
            "std": 3.876534571531268
          },
          "Business_Score": {
            "mean": 77.80618960181108,
            "std": 3.716548053239366
          }
        }
      },
      "Retail": {
        "n_companies": 600,
        "dco_score_statistics": {
          "mean": 266354.114128866,
          "std": 30792.659424278892,
          "min": 175540.17499292706,
          "max": 365068.6562113164,
          "median": 266828.0764868144
        },
        "perspective_scores": {
          "Technology_Score": {
            "mean": 51.0872570791686,
            "std": 4.12801823901331
          },
          "Market_Score": {
            "mean": 70.96861369548756,
            "std": 3.7827105877917484
          },
          "Business_Score": {
            "mean": 73.41276345815008,
            "std": 3.8847011042720543
          }
        }
      },
      "Energy": {
        "n_companies": 600,
        "dco_score_statistics": {
          "mean": 306476.4140707197,
          "std": 33238.177995814935,
          "min": 210338.2139911608,
          "max": 408232.9887088628,
          "median": 304549.9171655846
        },
        "perspective_scores": {
          "Technology_Score": {
            "mean": 68.91655746778015,
            "std": 3.728937628305635
          },
          "Market_Score": {
            "mean": 59.0645333771356,
            "std": 4.1362335737848825
          },
          "Business_Score": {
            "mean": 75.25335707653286,
            "std": 4.075009910401683
          }
        }
      }
    }
  },
  "experiment_metadata": {
    "start_time": "2025-07-09T23:55:16.314318",
    "end_time": "2025-07-09T23:56:18.233949",
    "total_execution_time_seconds": 61.919647,
    "dataset_shape": [
      3000,
      32
    ],
    "random_seed": 42,
    "perspective_type": "Business Perspective"
  }
}