{
  "experiment_metadata": {
    "start_time": "2025-07-09T21:54:44.022043",
    "end_time": "2025-07-09T21:55:00.759027",
    "total_execution_time": 16.736984,
    "data_shape": [
      3000,
      32
    ],
    "random_seed": 42
  },
  "experiment_results": {
    "monte_carlo": {
      "n_simulations": 1000,
      "execution_time": 0.3105895519256592,
      "dco_statistics": {
        "mean": 277359.38462417206,
        "std": 7185.673584525088,
        "min": 253492.47237908863,
        "max": 300068.301137297,
        "percentile_5": 265498.84608288424,
        "percentile_95": 289062.2581470577,
        "confidence_interval_95": [
          263466.17222847906,
          291853.3155389737
        ]
      },
      "simulation_data": [
        {
          "simulation_id": 0,
          "technology_score": 63.82339473037888,
          "market_score": 64.00238437815597,
          "finance_score": 67.26766657948345,
          "dco_score": 274778.29028192186
        },
        {
          "simulation_id": 1,
          "technology_score": 66.44922177513689,
          "market_score": 63.32169867599698,
          "finance_score": 65.806422642397,
          "dco_score": 276892.21038981824
        },
        {
          "simulation_id": 2,
          "technology_score": 65.4179396666691,
          "market_score": 63.75495672363847,
          "finance_score": 68.59552644544631,
          "dco_score": 286092.5908563992
        },
        {
          "simulation_id": 3,
          "technology_score": 65.46480077158814,
          "market_score": 65.20079005347664,
          "finance_score": 67.60982578984147,
          "dco_score": 288582.8549918744
        },
        {
          "simulation_id": 4,
          "technology_score": 65.68667214559265,
          "market_score": 63.505084398511755,
          "finance_score": 68.88549008402984,
          "dco_score": 287351.5274582177
        },
        {
          "simulation_id": 5,
          "technology_score": 63.88196795958486,
          "market_score": 65.24245311744713,
          "finance_score": 67.24943908318086,
          "dco_score": 280283.3083534346
        },
        {
          "simulation_id": 6,
          "technology_score": 64.50487952519101,
          "market_score": 64.56158357874848,
          "finance_score": 65.83643518981263,
          "dco_score": 274178.2815345354
        },
        {
          "simulation_id": 7,
          "technology_score": 64.86693505414478,
          "market_score": 63.7968624037648,
          "finance_score": 66.642368657813,
          "dco_score": 275786.5760617855
        },
        {
          "simulation_id": 8,
          "technology_score": 66.21061139288996,
          "market_score": 64.17613549949196,
          "finance_score": 66.92747737750705,
          "dco_score": 284384.2994121743
        },
        {
          "simulation_id": 9,
          "technology_score": 65.79940242284528,
          "market_score": 63.40801609103467,
          "finance_score": 67.0824854691325,
          "dco_score": 279882.18769325525
        },
        {
          "simulation_id": 10,
          "technology_score": 63.79838170592323,
          "market_score": 62.30557497938314,
          "finance_score": 67.66963416641399,
          "dco_score": 268986.447647283
        },
        {
          "simulation_id": 11,
          "technology_score": 66.0366657669776,
          "market_score": 63.790427694940334,
          "finance_score": 67.47275574151544,
          "dco_score": 284229.466181835
        },
        {
          "simulation_id": 12,
          "technology_score": 66.28491708207255,
          "market_score": 62.45013839353599,
          "finance_score": 65.22018676345834,
          "dco_score": 269979.1095383614
        },
        {
          "simulation_id": 13,
          "technology_score": 65.93359144042186,
          "market_score": 62.98359912816359,
          "finance_score": 66.21498077528095,
          "dco_score": 274973.26106269745
        },
        {
          "simulation_id": 14,
          "technology_score": 63.3747403981482,
          "market_score": 62.83440536921765,
          "finance_score": 66.2675690238584,
          "dco_score": 263885.0228610621
        },
        {
          "simulation_id": 15,
          "technology_score": 65.60628741312479,
          "market_score": 63.465211883604745,
          "finance_score": 66.1836522940145,
          "dco_score": 275569.9936497719
        },
        {
          "simulation_id": 16,
          "technology_score": 64.40235765356684,
          "market_score": 64.71162394732666,
          "finance_score": 66.98984783376024,
          "dco_score": 279185.62705987267
        },
        {
          "simulation_id": 17,
          "technology_score": 64.64730158316192,
          "market_score": 64.87462701285999,
          "finance_score": 65.0786501374229,
          "dco_score": 272937.878827333
        },
        {
          "simulation_id": 18,
          "technology_score": 64.18554961597812,
          "market_score": 63.93927155723639,
          "finance_score": 66.71453558006476,
          "dco_score": 273794.9387297696
        },
        {
          "simulation_id": 19,
          "technology_score": 63.53800634798657,
          "market_score": 61.54187122445303,
          "finance_score": 67.33095877805084,
          "dco_score": 263280.733738522
        },
        {
          "simulation_id": 20,
          "technology_score": 66.50089479878055,
          "market_score": 63.324550819608405,
          "finance_score": 66.81779500066534,
          "dco_score": 281379.0419477926
        },
        {
          "simulation_id": 21,
          "technology_score": 65.243933939018,
          "market_score": 62.12326866989134,
          "finance_score": 66.99355965153593,
          "dco_score": 271536.047486437
        },
        {
          "simulation_id": 22,
          "technology_score": 63.78673555654149,
          "market_score": 64.36485718272328,
          "finance_score": 65.21169605393524,
          "dco_score": 267734.7125022253
        },
        {
          "simulation_id": 23,
          "technology_score": 65.58863250936243,
          "market_score": 64.38748854443075,
          "finance_score": 66.14803357709276,
          "dco_score": 279348.9221295332
        },
        {
          "simulation_id": 24,
          "technology_score": 65.65170612678475,
          "market_score": 64.50586787730471,
          "finance_score": 66.05248895965654,
          "dco_score": 279727.02512784046
        },
        {
          "simulation_id": 25,
          "technology_score": 64.1355202932386,
          "market_score": 63.19817680833894,
          "finance_score": 67.73324782453959,
          "dco_score": 274539.6479720499
        },
        {
          "simulation_id": 26,
          "technology_score": 65.23199646797428,
          "market_score": 65.35706735266777,
          "finance_score": 66.5003521716784,
          "dco_score": 283515.73855484254
        },
        {
          "simulation_id": 27,
          "technology_score": 64.73537762541535,
          "market_score": 63.6760797403996,
          "finance_score": 67.51770602851927,
          "dco_score": 278314.4030026338
        },
        {
          "simulation_id": 28,
          "technology_score": 64.63093697323339,
          "market_score": 64.26179221348484,
          "finance_score": 67.6828548051855,
          "dco_score": 281107.1901912787
        },
        {
          "simulation_id": 29,
          "technology_score": 66.11980164898384,
          "market_score": 62.77197712031986,
          "finance_score": 67.33312089789413,
          "dco_score": 279464.14383115247
        },
        {
          "simulation_id": 30,
          "technology_score": 65.13994352902186,
          "market_score": 64.68013542397726,
          "finance_score": 65.36474778474529,
          "dco_score": 275398.7013690147
        },
        {
          "simulation_id": 31,
          "technology_score": 65.84828187641214,
          "market_score": 63.591213447666405,
          "finance_score": 66.88006837764391,
          "dco_score": 280051.7355785427
        },
        {
          "simulation_id": 32,
          "technology_score": 65.39553916142812,
          "market_score": 62.80655446230941,
          "finance_score": 66.60444839955366,
          "dco_score": 273562.3523341522
        },
        {
          "simulation_id": 33,
          "technology_score": 65.19878716548298,
          "market_score": 63.73773660830488,
          "finance_score": 66.16521010459668,
          "dco_score": 274957.6770841794
        },
        {
          "simulation_id": 34,
          "technology_score": 65.20193501671129,
          "market_score": 64.22238360837743,
          "finance_score": 66.7763774278429,
          "dco_score": 279620.9842830397
        },
        {
          "simulation_id": 35,
          "technology_score": 64.05284277857311,
          "market_score": 63.887879626233136,
          "finance_score": 65.89464105439032,
          "dco_score": 269654.0704944678
        },
        {
          "simulation_id": 36,
          "technology_score": 63.85752142512768,
          "market_score": 62.96769257019659,
          "finance_score": 66.66784223143968,
          "dco_score": 268068.778725989
        },
        {
          "simulation_id": 37,
          "technology_score": 64.56820694097506,
          "market_score": 64.74133915747768,
          "finance_score": 66.21970837893441,
          "dco_score": 276813.75620428176
        },
        {
          "simulation_id": 38,
          "technology_score": 63.30389588685818,
          "market_score": 65.27716723841053,
          "finance_score": 66.90894345221295,
          "dco_score": 276487.7600282669
        },
        {
          "simulation_id": 39,
          "technology_score": 65.51088818832342,
          "market_score": 63.22926349030693,
          "finance_score": 65.84327818095618,
          "dco_score": 272736.3699735929
        },
        {
          "simulation_id": 40,
          "technology_score": 66.99945728447787,
          "market_score": 63.8072371877146,
          "finance_score": 67.45522583730254,
          "dco_score": 288374.4809159327
        },
        {
          "simulation_id": 41,
          "technology_score": 65.09492033074224,
          "market_score": 63.417880127252666,
          "finance_score": 65.81086119791259,
          "dco_score": 271679.20302150736
        },
        {
          "simulation_id": 42,
          "technology_score": 66.19826299171565,
          "market_score": 64.61172954422707,
          "finance_score": 65.91521010397122,
          "dco_score": 281931.4994623095
        },
        {
          "simulation_id": 43,
          "technology_score": 64.27946395524711,
          "market_score": 65.88840308762228,
          "finance_score": 66.73091988379497,
          "dco_score": 282623.5452246651
        },
        {
          "simulation_id": 44,
          "technology_score": 67.19765237056542,
          "market_score": 63.42581730376186,
          "finance_score": 66.76252085390233,
          "dco_score": 284546.2717076767
        },
        {
          "simulation_id": 45,
          "technology_score": 65.15953160036689,
          "market_score": 65.5974473981463,
          "finance_score": 65.7257583037009,
          "dco_score": 280931.53948481585
        },
        {
          "simulation_id": 46,
          "technology_score": 67.8497255915495,
          "market_score": 63.574702131640805,
          "finance_score": 66.55594730530004,
          "dco_score": 287090.8154253674
        },
        {
          "simulation_id": 47,
          "technology_score": 64.9354710854972,
          "market_score": 65.38468901250486,
          "finance_score": 66.76168311000279,
          "dco_score": 283455.79163229506
        },
        {
          "simulation_id": 48,
          "technology_score": 64.21854696874414,
          "market_score": 62.886237509647906,
          "finance_score": 67.89427768426138,
          "dco_score": 274188.51457071846
        },
        {
          "simulation_id": 49,
          "technology_score": 65.14101339858034,
          "market_score": 64.33985685106535,
          "finance_score": 67.86379657108692,
          "dco_score": 284428.2656127336
        },
        {
          "simulation_id": 50,
          "technology_score": 63.9033016636571,
          "market_score": 63.393642985029935,
          "finance_score": 67.60101399835894,
          "dco_score": 273855.9727385115
        },
        {
          "simulation_id": 51,
          "technology_score": 62.97258444690498,
          "market_score": 64.95429079430262,
          "finance_score": 65.56445155975692,
          "dco_score": 268180.8700909858
        },
        {
          "simulation_id": 52,
          "technology_score": 65.18788904468099,
          "market_score": 63.214105481633325,
          "finance_score": 67.98500418563948,
          "dco_score": 280152.2037420377
        },
        {
          "simulation_id": 53,
          "technology_score": 65.88701698724745,
          "market_score": 64.18099100837455,
          "finance_score": 66.93244690315797,
          "dco_score": 283036.8396250935
        },
        {
          "simulation_id": 54,
          "technology_score": 66.0224883411317,
          "market_score": 62.56513789720404,
          "finance_score": 67.63084084469108,
          "dco_score": 279363.12597175624
        },
        {
          "simulation_id": 55,
          "technology_score": 65.07246892704423,
          "market_score": 64.5111638313674,
          "finance_score": 66.59657812505306,
          "dco_score": 279565.82218610175
        },
        {
          "simulation_id": 56,
          "technology_score": 66.23699037308893,
          "market_score": 64.17591403042383,
          "finance_score": 66.51826919766462,
          "dco_score": 282757.1491477067
        },
        {
          "simulation_id": 57,
          "technology_score": 65.44638374551793,
          "market_score": 65.39954689378489,
          "finance_score": 67.34713662135373,
          "dco_score": 288256.7790824017
        },
        {
          "simulation_id": 58,
          "technology_score": 63.221599977285685,
          "market_score": 65.4660519544305,
          "finance_score": 67.50931978300815,
          "dco_score": 279412.20039775013
        },
        {
          "simulation_id": 59,
          "technology_score": 65.80094256910027,
          "market_score": 62.04540771376116,
          "finance_score": 67.38409956872805,
          "dco_score": 275105.4454333294
        },
        {
          "simulation_id": 60,
          "technology_score": 64.54886259640392,
          "market_score": 64.97141316786212,
          "finance_score": 66.72517054589285,
          "dco_score": 279834.07678963046
        },
        {
          "simulation_id": 61,
          "technology_score": 66.01048697734501,
          "market_score": 64.21988598950337,
          "finance_score": 66.6314617517541,
          "dco_score": 282463.15633918886
        },
        {
          "simulation_id": 62,
          "technology_score": 63.83848549182939,
          "market_score": 63.72538705289896,
          "finance_score": 67.05404562688841,
          "dco_score": 272784.7219429691
        },
        {
          "simulation_id": 63,
          "technology_score": 63.16284023727651,
          "market_score": 64.36451130345145,
          "finance_score": 66.88572146005919,
          "dco_score": 271920.24491732055
        },
        {
          "simulation_id": 64,
          "technology_score": 65.57113372139534,
          "market_score": 64.91874467137323,
          "finance_score": 66.72112135715908,
          "dco_score": 284018.18168312154
        },
        {
          "simulation_id": 65,
          "technology_score": 65.03919038871021,
          "market_score": 63.40314643855436,
          "finance_score": 67.73011000904754,
          "dco_score": 279297.9307760772
        },
        {
          "simulation_id": 66,
          "technology_score": 66.32635706578884,
          "market_score": 63.021338969469745,
          "finance_score": 65.92333062403833,
          "dco_score": 275557.92872419173
        },
        {
          "simulation_id": 67,
          "technology_score": 65.42680589694906,
          "market_score": 63.13076296633754,
          "finance_score": 66.74600530695456,
          "dco_score": 275690.6488062655
        },
        {
          "simulation_id": 68,
          "technology_score": 62.92240368119123,
          "market_score": 63.83429942574543,
          "finance_score": 67.2599054965373,
          "dco_score": 270156.6447121192
        },
        {
          "simulation_id": 69,
          "technology_score": 63.352236004876914,
          "market_score": 63.281798135771815,
          "finance_score": 67.329261607745,
          "dco_score": 269925.9325695948
        },
        {
          "simulation_id": 70,
          "technology_score": 67.0727626408742,
          "market_score": 63.982618853244375,
          "finance_score": 66.21783022618023,
          "dco_score": 284173.2229508329
        },
        {
          "simulation_id": 71,
          "technology_score": 65.49519077709772,
          "market_score": 63.553003264561156,
          "finance_score": 66.76443901236013,
          "dco_score": 277901.37406789896
        },
        {
          "simulation_id": 72,
          "technology_score": 65.93301146230858,
          "market_score": 64.19703575906766,
          "finance_score": 67.18024982928742,
          "dco_score": 284354.105089189
        },
        {
          "simulation_id": 73,
          "technology_score": 66.7553566919361,
          "market_score": 63.76304679493101,
          "finance_score": 65.33515387807593,
          "dco_score": 278100.71145468956
        },
        {
          "simulation_id": 74,
          "technology_score": 62.21469269614815,
          "market_score": 61.631393661825534,
          "finance_score": 66.11045077614304,
          "dco_score": 253492.47237908863
        },
        {
          "simulation_id": 75,
          "technology_score": 68.44569449466243,
          "market_score": 61.741543888633935,
          "finance_score": 66.99375003714668,
          "dco_score": 283111.7590063888
        },
        {
          "simulation_id": 76,
          "technology_score": 66.56737580009528,
          "market_score": 63.530871087799135,
          "finance_score": 65.73974085655883,
          "dco_score": 278018.8448446135
        },
        {
          "simulation_id": 77,
          "technology_score": 65.02926543947856,
          "market_score": 63.964971269413546,
          "finance_score": 66.92426280931218,
          "dco_score": 278377.8353520575
        },
        {
          "simulation_id": 78,
          "technology_score": 68.12566201511429,
          "market_score": 63.00449066057399,
          "finance_score": 66.81925527000935,
          "dco_score": 286803.12000240263
        },
        {
          "simulation_id": 79,
          "technology_score": 63.35001999039712,
          "market_score": 63.77070592385528,
          "finance_score": 66.4404404901584,
          "dco_score": 268411.10741837695
        },
        {
          "simulation_id": 80,
          "technology_score": 65.11774015669057,
          "market_score": 65.26709631199965,
          "finance_score": 65.1280396174055,
          "dco_score": 276797.1524382691
        },
        {
          "simulation_id": 81,
          "technology_score": 65.11630672433995,
          "market_score": 63.45947247923716,
          "finance_score": 67.25226582200237,
          "dco_score": 277902.9383466406
        },
        {
          "simulation_id": 82,
          "technology_score": 63.151493939275014,
          "market_score": 63.40699795556891,
          "finance_score": 66.43614957990067,
          "dco_score": 266026.7292014672
        },
        {
          "simulation_id": 83,
          "technology_score": 65.40686936978797,
          "market_score": 63.26217640093159,
          "finance_score": 65.90954638074992,
          "dco_score": 272719.2626628944
        },
        {
          "simulation_id": 84,
          "technology_score": 66.12519052569684,
          "market_score": 62.647480846971064,
          "finance_score": 67.35135169942612,
          "dco_score": 279008.13399723923
        },
        {
          "simulation_id": 85,
          "technology_score": 67.4275769169326,
          "market_score": 64.73172252943245,
          "finance_score": 66.71907799841465,
          "dco_score": 291208.97322864353
        },
        {
          "simulation_id": 86,
          "technology_score": 65.84127187344049,
          "market_score": 63.09535314278651,
          "finance_score": 68.96281689439435,
          "dco_score": 286490.7337467686
        },
        {
          "simulation_id": 87,
          "technology_score": 63.67650401252555,
          "market_score": 64.35574654747296,
          "finance_score": 67.32333868098289,
          "dco_score": 275887.60527765105
        },
        {
          "simulation_id": 88,
          "technology_score": 66.5582867348734,
          "market_score": 63.812395887103946,
          "finance_score": 66.74132309435112,
          "dco_score": 283466.66689154267
        },
        {
          "simulation_id": 89,
          "technology_score": 66.8673126117754,
          "market_score": 62.91553247256436,
          "finance_score": 66.81719448223667,
          "dco_score": 281099.44126816693
        },
        {
          "simulation_id": 90,
          "technology_score": 63.86369330854855,
          "market_score": 61.93800418601063,
          "finance_score": 66.6390313558864,
          "dco_score": 263596.66628115706
        },
        {
          "simulation_id": 91,
          "technology_score": 64.42579917622477,
          "market_score": 64.22306928406701,
          "finance_score": 67.46830895675153,
          "dco_score": 279158.39750625764
        },
        {
          "simulation_id": 92,
          "technology_score": 63.67537134548788,
          "market_score": 64.88196416588704,
          "finance_score": 67.06948737355009,
          "dco_score": 277089.75081151084
        },
        {
          "simulation_id": 93,
          "technology_score": 65.19988388898744,
          "market_score": 64.01783608019859,
          "finance_score": 65.84439939111452,
          "dco_score": 274831.5916166771
        },
        {
          "simulation_id": 94,
          "technology_score": 63.86019151778454,
          "market_score": 63.271407608259814,
          "finance_score": 66.45130201027729,
          "dco_score": 268498.09438997885
        },
        {
          "simulation_id": 95,
          "technology_score": 64.54563722694387,
          "market_score": 63.33432795253786,
          "finance_score": 65.83570428369107,
          "dco_score": 269133.3672764063
        },
        {
          "simulation_id": 96,
          "technology_score": 62.34156965680964,
          "market_score": 63.50388336685143,
          "finance_score": 65.93514586780806,
          "dco_score": 261032.74362965772
        },
        {
          "simulation_id": 97,
          "technology_score": 66.10884024584514,
          "market_score": 64.32586547271617,
          "finance_score": 67.24952669768636,
          "dco_score": 285979.1747711772
        },
        {
          "simulation_id": 98,
          "technology_score": 64.69282327752079,
          "market_score": 63.25019574423852,
          "finance_score": 67.5226171103628,
          "dco_score": 276291.32260485
        },
        {
          "simulation_id": 99,
          "technology_score": 64.81080037431208,
          "market_score": 63.58799670037096,
          "finance_score": 66.65900750085038,
          "dco_score": 274714.3658204029
        }
      ]
    },
    "cross_validation": {
      "cv_folds": 5,
      "execution_time": 13.52791976928711,
      "feature_count": 3,
      "sample_count": 3000,
      "models": {
        "RandomForest": {
          "r2_scores": [
            0.9915980826627142,
            0.9942461824078686,
            0.9927109222533727,
            0.9925020934641882,
            0.992257694922898
          ],
          "r2_mean": 0.9926629951422085,
          "r2_std": 0.0008755541254403761,
          "mse_scores": [
            69117857.16281423,
            42188123.35196191,
            58073328.57447563,
            59593864.28217066,
            64081638.253758214
          ],
          "mse_mean": 58610962.32503612,
          "mse_std": 9069596.688848225,
          "mae_scores": [
            4432.857085254247,
            3934.7220515185763,
            4505.715995694257,
            4438.432891731839,
            4588.575608925564
          ],
          "mae_mean": 4380.060726624896,
          "mae_std": 229.6906630557708
        }
      }
    },
    "scalability": {
      "execution_time": 0.006538867950439453,
      "sample_sizes": [
        100,
        500,
        1000,
        2000,
        3000
      ],
      "scalability_data": [
        {
          "sample_size": 100,
          "processing_time": 0.0006771087646484375,
          "time_per_record": 6.771087646484375e-06,
          "throughput": 147686.7605633803,
          "statistics": {
            "mean": 275312.6528354313,
            "std": 78825.33799464253,
            "min": 110684.51026508787,
            "max": 519753.043989502
          }
        },
        {
          "sample_size": 500,
          "processing_time": 0.0004837512969970703,
          "time_per_record": 9.675025939941406e-07,
          "throughput": 1033588.9600788566,
          "statistics": {
            "mean": 279761.46176203334,
            "std": 90546.43611772914,
            "min": 72751.08043082815,
            "max": 682042.0303643557
          }
        },
        {
          "sample_size": 1000,
          "processing_time": 0.00046443939208984375,
          "time_per_record": 4.6443939208984374e-07,
          "throughput": 2153133.4702258725,
          "statistics": {
            "mean": 281691.77140980173,
            "std": 88661.02462125513,
            "min": 65366.22081599998,
            "max": 682042.0303643557
          }
        },
        {
          "sample_size": 2000,
          "processing_time": 0.00046062469482421875,
          "time_per_record": 2.3031234741210937e-07,
          "throughput": 4341929.606625259,
          "statistics": {
            "mean": 281581.7711199386,
            "std": 88539.84033229953,
            "min": 65366.22081599998,
            "max": 682042.0303643557
          }
        },
        {
          "sample_size": 3000,
          "processing_time": 0.0004475116729736328,
          "time_per_record": 1.491705576578776e-07,
          "throughput": 6703735.748534896,
          "statistics": {
            "mean": 281328.88529791974,
            "std": 89436.25083103996,
            "min": 65366.22081599998,
            "max": 682042.0303643557
          }
        }
      ]
    },
    "industry_comparison": {
      "execution_time": 0.010295867919921875,
      "industry_count": 5,
      "industries": {
        "Manufacturing": {
          "dco_statistics": {
            "count": 600,
            "mean": 233949.66666132858,
            "std": 64295.33657802868,
            "min": 86751.26967939455,
            "max": 551105.3269012813,
            "percentile_25": 190870.23718536616,
            "percentile_75": 266777.39319489454
          },
          "element_statistics": {
            "Technology_Score": {
              "mean": 62.09474583333334,
              "std": 7.488333432896559
            },
            "Market_Score": {
              "mean": 59.59186041666666,
              "std": 7.613254927724949
            },
            "Finance_Score": {
              "mean": 62.258772916666665,
              "std": 7.072336179132874
            }
          }
        },
        "Finance": {
          "dco_statistics": {
            "count": 600,
            "mean": 291620.6669356817,
            "std": 77318.0934945879,
            "min": 93473.09672166212,
            "max": 608453.4335487304,
            "percentile_25": 237098.1455812793,
            "percentile_75": 344023.264999834
          },
          "element_statistics": {
            "Technology_Score": {
              "mean": 62.973712500000005,
              "std": 7.4209707399599
            },
            "Market_Score": {
              "mean": 63.15317083333333,
              "std": 7.385967178884128
            },
            "Finance_Score": {
              "mean": 72.05657083333334,
              "std": 7.378293462304417
            }
          }
        },
        "IT": {
          "dco_statistics": {
            "count": 600,
            "mean": 367950.4599308747,
            "std": 94079.55884926752,
            "min": 116972.08284071874,
            "max": 682042.0303643557,
            "percentile_25": 300547.0348431504,
            "percentile_75": 429375.9834965473
          },
          "element_statistics": {
            "Technology_Score": {
              "mean": 81.86115625000001,
              "std": 7.375378787495494
            },
            "Market_Score": {
              "mean": 67.5953375,
              "std": 7.408917854073975
            },
            "Finance_Score": {
              "mean": 65.46072083333333,
              "std": 7.677027918056266
            }
          }
        },
        "Retail": {
          "dco_statistics": {
            "count": 600,
            "mean": 236357.82874522245,
            "std": 68587.62098050774,
            "min": 72751.08043082815,
            "max": 491549.02206000977,
            "percentile_25": 189474.80881136283,
            "percentile_75": 276281.58883691893
          },
          "element_statistics": {
            "Technology_Score": {
              "mean": 50.767425,
              "std": 7.4392923433835785
            },
            "Market_Score": {
              "mean": 70.24498958333334,
              "std": 7.359254682992309
            },
            "Finance_Score": {
              "mean": 65.05004166666667,
              "std": 7.611170917412817
            }
          }
        },
        "Energy": {
          "dco_statistics": {
            "count": 600,
            "mean": 276765.80421649147,
            "std": 66808.22296848931,
            "min": 65366.22081599998,
            "max": 532132.1797979296,
            "percentile_25": 236596.87674931056,
            "percentile_75": 313523.23796299513
          },
          "element_statistics": {
            "Technology_Score": {
              "mean": 67.89122708333333,
              "std": 6.946837413083647
            },
            "Market_Score": {
              "mean": 58.457172916666664,
              "std": 7.343970565884299
            },
            "Finance_Score": {
              "mean": 68.88103124999999,
              "std": 7.0971238616968195
            }
          }
        }
      }
    }
  }
}