{
  "experiment_metadata": {
    "timestamp": "2025-07-10T23:34:54.434404",
    "experiment_name": "1.2.4.1 DCO転換妥当性検証実験",
    "version": "1.0",
    "methodology": "理論的シミュレーション"
  },
  "age_adaptation_theory": {
    "theory_name": "年齢適応理論",
    "satisfiable": true,
    "contradictions": [
      "結論の導出に問題"
    ],
    "valid_inferences": [
      "前提は一貫している",
      "推論規則1は妥当",
      "推論規則2は妥当"
    ],
    "consistency_score": 0.75,
    "detailed_analysis": {
      "full_theory_satisfiable": {
        